source,row,col,filename,size,labeled
PPL1.png,0,0,jp_female_kimono.webp,792,True
PPL1.png,0,1,mx_male_mariachi_2.webp,792,True
PPL1.png,0,2,ke_female_traditional.webp,792,True
PPL1.png,0,3,in_male_sikh.webp,792,True
PPL1.png,0,4,sct_male_traditional.webp,792,True
PPL1.png,1,0,fr_female_casual.webp,792,True
PPL1.png,1,1,mx_male_casual.webp,792,True
PPL1.png,1,2,ke_female_beaded.webp,792,True
PPL1.png,1,3,in_female_traditional.webp,792,True
PPL1.png,1,4,at_male_traditional.webp,792,True
PPL1.png,2,0,ro_female_traditional.webp,792,True
PPL1.png,2,1,mx_male_sombrero.webp,792,True
PPL1.png,2,2,ke_female_headdress.webp,792,True
PPL1.png,2,3,ae_female_muslim_3.webp,792,True
PPL1.png,2,4,sct_male_casual.webp,792,True
PPL1.png,3,0,jp_female_traditional.webp,792,True
PPL1.png,3,1,pt_male_casual.webp,792,True
PPL1.png,3,2,ke_female_headwrap.webp,792,True
PPL1.png,3,3,in_male_turban.webp,792,True
PPL1.png,3,4,tw_female_casual.webp,792,True
PPL1.png,4,0,jp_female_kimono_2.webp,792,True
PPL1.png,4,1,mx_male_poncho.webp,792,True
PPL1.png,4,2,in_female_sari.webp,792,True
PPL1.png,4,3,ae_male_casual.webp,792,True
PPL1.png,4,4,sct_male_tartan.webp,792,True
PPL2.png,0,0,de_male_lederhosen.webp,792,True
PPL2.png,0,1,it_male_chef.webp,792,True
PPL2.png,0,2,es_male_matador_2.webp,792,True
PPL2.png,0,3,se_male_traditional.webp,792,True
PPL2.png,0,4,gr_female_traditional.webp,792,True
PPL2.png,1,0,cn_male_traditional_4.webp,792,True
PPL2.png,1,1,kr_male_traditional_5.webp,792,True
PPL2.png,1,2,jp_female_kimono_3.webp,792,True
PPL2.png,1,3,vn_male_traditional_2.webp,792,True
PPL2.png,1,4,pk_male_traditional_5.webp,792,True
PPL2.png,2,0,ng_male_traditional.webp,792,True
PPL2.png,2,1,za_female_traditional.webp,792,True
PPL2.png,2,2,eg_male_muslim.webp,792,True
PPL2.png,2,3,ma_female_muslim.webp,792,True
PPL2.png,2,4,et_male_traditional.webp,792,True
PPL2.png,3,0,br_male_soccer.webp,792,True
PPL2.png,3,1,ar_male_gaucho_2.webp,792,True
PPL2.png,3,2,co_male_traditional_2.webp,792,True
PPL2.png,3,3,pe_female_traditional_2.webp,792,True
PPL2.png,3,4,cl_male_andean.webp,792,True
PPL2.png,4,0,us_male_cowboy.webp,792,True
PPL2.png,4,1,fr_female_professional.webp,792,True
PPL2.png,4,2,es_female_professional.webp,792,True
PPL2.png,4,3,ca_male_mountie.webp,792,True
PPL2.png,4,4,ca_female_aboriginal.webp,792,True
PPL_AFRICA2.png,0,0,ng_female_gele.webp,792,True
PPL_AFRICA2.png,0,1,ng_male_traditional_2.webp,792,True
PPL_AFRICA2.png,0,2,et_male_traditional_2.webp,792,True
PPL_AFRICA2.png,0,3,eg_female_hijab.webp,792,True
PPL_AFRICA2.png,0,4,eg_male_professional.webp,792,True
PPL_AFRICA2.png,1,0,za_female_beaded.webp,792,True
PPL_AFRICA2.png,1,1,za_male_madiba.webp,792,True
PPL_AFRICA2.png,1,2,za_male_athlete.webp,792,True
PPL_AFRICA2.png,1,3,in_female_sari_2.webp,792,True
PPL_AFRICA2.png,1,4,ke_female_maasai.webp,792,True
PPL_AFRICA2.png,2,0,et_female_braided.webp,792,True
PPL_AFRICA2.png,2,1,ma_male_casual.webp,792,True
PPL_AFRICA2.png,2,2,ma_male_fez.webp,792,True
PPL_AFRICA2.png,2,3,tz_female_traditional.webp,792,True
PPL_AFRICA2.png,2,4,gh_male_kente.webp,792,True
PPL_AFRICA2.png,3,0,cd_female_headscarf.webp,792,True
PPL_AFRICA2.png,3,1,cd_male_professional.webp,792,True
PPL_AFRICA2.png,3,2,sn_female_headscarf.webp,792,True
PPL_AFRICA2.png,3,3,sn_male_casual.webp,792,True
PPL_AFRICA2.png,3,4,tn_male_professional.webp,792,True
PPL_AFRICA2.png,4,0,zw_female_braids.webp,792,True
PPL_AFRICA2.png,4,1,cm_female_traditional.webp,792,True
PPL_AFRICA2.png,4,2,ci_male_casual.webp,792,True
PPL_AFRICA2.png,4,3,zm_female_traditional.webp,792,True
PPL_AFRICA2.png,4,4,rw_male_casual.webp,792,True
PPL_AFRICA3.png,0,0,ng_male_traditional_3.webp,792,True
PPL_AFRICA3.png,0,1,ng_female_gele_2.webp,792,True
PPL_AFRICA3.png,0,2,eg_male_casual.webp,792,True
PPL_AFRICA3.png,0,3,eg_female_hijab_2.webp,792,True
PPL_AFRICA3.png,0,4,za_male_zulu.webp,792,True
PPL_AFRICA3.png,1,0,za_female_beaded_2.webp,792,True
PPL_AFRICA3.png,1,1,ke_male_maasai.webp,792,True
PPL_AFRICA3.png,1,2,ke_female_maasai_2.webp,792,True
PPL_AFRICA3.png,1,3,et_male_traditional_3.webp,792,True
PPL_AFRICA3.png,1,4,et_female_traditional.webp,792,True
PPL_AFRICA3.png,2,0,ma_male_fez_2.webp,792,True
PPL_AFRICA3.png,2,1,ma_female_traditional.webp,792,True
PPL_AFRICA3.png,2,2,gh_male_kente_2.webp,792,True
PPL_AFRICA3.png,2,3,gh_female_kente.webp,792,True
PPL_AFRICA3.png,2,4,dz_female_hijab.webp,792,True
PPL_AFRICA3.png,3,0,dz_female_muslim.webp,792,True
PPL_AFRICA3.png,3,1,tz_male_traditional.webp,792,True
PPL_AFRICA3.png,3,2,sn_male_traditional.webp,792,True
PPL_AFRICA3.png,3,3,ug_male_traditional.webp,792,True
PPL_AFRICA3.png,3,4,ug_female_traditional.webp,792,True
PPL_AFRICA3.png,4,0,cd_male_professional_2.webp,792,True
PPL_AFRICA3.png,4,1,zw_male_traditional.webp,792,True
PPL_AFRICA3.png,4,2,zm_male_traditional.webp,792,True
PPL_AFRICA3.png,4,3,zm_female_traditional_2.webp,792,True
PPL_AFRICA3.png,4,4,rw_female_traditional.webp,792,True
PPL_AFRICA4.png,0,0,ng_male_traditional_4.webp,792,True
PPL_AFRICA4.png,0,1,ng_female_traditional.webp,792,True
PPL_AFRICA4.png,0,2,eg_male_professional_2.webp,792,True
PPL_AFRICA4.png,0,3,eg_female_hijab_3.webp,792,True
PPL_AFRICA4.png,0,4,za_female_traditional_2.webp,792,True
PPL_AFRICA4.png,1,0,ke_male_maasai_2.webp,792,True
PPL_AFRICA4.png,1,1,ke_female_maasai_3.webp,792,True
PPL_AFRICA4.png,1,2,et_male_traditional_4.webp,792,True
PPL_AFRICA4.png,1,3,et_female_traditional_2.webp,792,True
PPL_AFRICA4.png,1,4,ma_male_fez_3.webp,792,True
PPL_AFRICA4.png,2,0,gh_male_kente_3.webp,792,True
PPL_AFRICA4.png,2,1,gh_female_kente_2.webp,792,True
PPL_AFRICA4.png,2,2,dz_male_djellaba.webp,792,True
PPL_AFRICA4.png,2,3,dz_female_traditional.webp,792,True
PPL_AFRICA4.png,2,4,tz_male_professional.webp,792,True
PPL_AFRICA4.png,3,0,ug_male_traditional_2.webp,792,True
PPL_AFRICA4.png,3,1,ug_female_traditional_2.webp,792,True
PPL_AFRICA4.png,3,2,cd_male_professional_3.webp,792,True
PPL_AFRICA4.png,3,3,cd_female_traditional.webp,792,True
PPL_AFRICA4.png,3,4,sn_female_casual.webp,792,True
PPL_AFRICA4.png,4,0,tn_male_fez.webp,792,True
PPL_AFRICA4.png,4,1,tn_female_traditional.webp,792,True
PPL_AFRICA4.png,4,2,zw_male_professional.webp,792,True
PPL_AFRICA4.png,4,3,zm_female_professional.webp,792,True
PPL_AFRICA4.png,4,4,rw_female_traditional_2.webp,792,True
PPL_ASIA1.png,0,0,cn_male_traditional.webp,792,True
PPL_ASIA1.png,0,1,cn_female_professional.webp,792,True
PPL_ASIA1.png,0,2,cn_male_ancient.webp,792,True
PPL_ASIA1.png,0,3,cn_female_minority.webp,792,True
PPL_ASIA1.png,0,4,cn_male_minority.webp,792,True
PPL_ASIA1.png,1,0,kr_male_traditional.webp,792,True
PPL_ASIA1.png,1,1,kr_female_traditional.webp,792,True
PPL_ASIA1.png,1,2,kr_male_casual.webp,792,True
PPL_ASIA1.png,1,3,kr_female_elderly.webp,792,True
PPL_ASIA1.png,1,4,kr_male_farmer.webp,792,True
PPL_ASIA1.png,2,0,vn_male_farmer.webp,792,True
PPL_ASIA1.png,2,1,vn_female_traditional.webp,792,True
PPL_ASIA1.png,2,2,vn_male_traditional.webp,792,True
PPL_ASIA1.png,2,3,vn_female_minority.webp,792,True
PPL_ASIA1.png,2,4,vn_female_aodai.webp,792,True
PPL_ASIA1.png,3,0,th_male_casual.webp,792,True
PPL_ASIA1.png,3,1,ph_female_traditional.webp,792,True
PPL_ASIA1.png,3,2,my_male_muslim.webp,792,True
PPL_ASIA1.png,3,3,my_female_muslim.webp,792,True
PPL_ASIA1.png,3,4,hk_male_professional.webp,792,True
PPL_ASIA1.png,4,0,sa_male_casual.webp,792,True
PPL_ASIA1.png,4,1,ae_male_traditional.webp,792,True
PPL_ASIA1.png,4,2,ae_female_muslim.webp,792,True
PPL_ASIA1.png,4,3,pk_male_traditional.webp,792,True
PPL_ASIA1.png,4,4,pk_female_traditional.webp,792,True
PPL_ASIA2.png,0,0,cn_female_qipao.webp,792,True
PPL_ASIA2.png,0,1,cn_female_traditional.webp,792,True
PPL_ASIA2.png,0,2,kr_male_traditional_2.webp,792,True
PPL_ASIA2.png,0,3,vn_female_farmer.webp,792,True
PPL_ASIA2.png,0,4,th_female_traditional.webp,792,True
PPL_ASIA2.png,1,0,id_male_muslim.webp,792,True
PPL_ASIA2.png,1,1,id_female_traditional.webp,792,True
PPL_ASIA2.png,1,2,ph_male_traditional.webp,792,True
PPL_ASIA2.png,1,3,my_male_casual.webp,792,True
PPL_ASIA2.png,1,4,my_female_muslim_2.webp,792,True
PPL_ASIA2.png,2,0,sg_male_professional.webp,792,True
PPL_ASIA2.png,2,1,sg_female_professional.webp,792,True
PPL_ASIA2.png,2,2,sa_female_muslim.webp,792,True
PPL_ASIA2.png,2,3,ae_male_traditional_2.webp,792,True
PPL_ASIA2.png,2,4,pk_male_traditional_2.webp,792,True
PPL_ASIA2.png,3,0,bd_male_traditional.webp,792,True
PPL_ASIA2.png,3,1,bd_female_traditional.webp,792,True
PPL_ASIA2.png,3,2,tw_female_traditional.webp,792,True
PPL_ASIA2.png,3,3,hk_male_professional_2.webp,792,True
PPL_ASIA2.png,3,4,hk_female_professional.webp,792,True
PPL_ASIA2.png,4,0,il_male_jewish.webp,792,True
PPL_ASIA2.png,4,1,il_female_casual.webp,792,True
PPL_ASIA2.png,4,2,ir_female_traditional.webp,792,True
PPL_ASIA2.png,4,3,kw_male_traditional.webp,792,True
PPL_ASIA2.png,4,4,sy_female_muslim.webp,792,True
PPL_ASIA3.png,0,0,cn_male_traditional_2.webp,792,True
PPL_ASIA3.png,0,1,cn_female_qipao_2.webp,792,True
PPL_ASIA3.png,0,2,cn_male_muslim.webp,792,True
PPL_ASIA3.png,0,3,kr_male_traditional_3.webp,792,True
PPL_ASIA3.png,0,4,kr_female_traditional_2.webp,792,True
PPL_ASIA3.png,1,0,tw_male_professional.webp,792,True
PPL_ASIA3.png,1,1,tw_female_student.webp,792,True
PPL_ASIA3.png,1,2,hk_male_professional_3.webp,792,True
PPL_ASIA3.png,1,3,vn_female_professional.webp,792,True
PPL_ASIA3.png,1,4,vn_female_traditional_2.webp,792,True
PPL_ASIA3.png,2,0,th_male_traditional.webp,792,True
PPL_ASIA3.png,2,1,id_male_traditional.webp,792,True
PPL_ASIA3.png,2,2,id_female_muslim.webp,792,True
PPL_ASIA3.png,2,3,my_male_muslim_2.webp,792,True
PPL_ASIA3.png,2,4,my_female_qipao.webp,792,True
PPL_ASIA3.png,3,0,ph_male_traditional_2.webp,792,True
PPL_ASIA3.png,3,1,ph_female_traditional_2.webp,792,True
PPL_ASIA3.png,3,2,sa_female_muslim_2.webp,792,True
PPL_ASIA3.png,3,3,ae_male_traditional_3.webp,792,True
PPL_ASIA3.png,3,4,ae_female_muslim_2.webp,792,True
PPL_ASIA3.png,4,0,kw_male_traditional_2.webp,792,True
PPL_ASIA3.png,4,1,sy_female_traditional.webp,792,True
PPL_ASIA3.png,4,2,pk_male_traditional_3.webp,792,True
PPL_ASIA3.png,4,3,bd_female_traditional_2.webp,792,True
PPL_ASIA3.png,4,4,il_male_jewish_2.webp,792,True
PPL_ASIA4.png,0,0,cn_male_traditional_3.webp,792,True
PPL_ASIA4.png,0,1,cn_female_qipao_3.webp,792,True
PPL_ASIA4.png,0,2,kr_male_traditional_4.webp,792,True
PPL_ASIA4.png,0,3,kr_female_traditional_3.webp,792,True
PPL_ASIA4.png,0,4,vn_female_aodai_2.webp,792,True
PPL_ASIA4.png,1,0,vn_male_farmer_2.webp,792,True
PPL_ASIA4.png,1,1,vn_female_aodai_3.webp,792,True
PPL_ASIA4.png,1,2,th_male_muslim.webp,792,True
PPL_ASIA4.png,1,3,id_female_muslim_2.webp,792,True
PPL_ASIA4.png,1,4,ph_female_traditional_3.webp,792,True
PPL_ASIA4.png,2,0,my_male_muslim_3.webp,792,True
PPL_ASIA4.png,2,1,my_female_qipao_2.webp,792,True
PPL_ASIA4.png,2,2,sg_male_military.webp,792,True
PPL_ASIA4.png,2,3,sa_male_traditional.webp,792,True
PPL_ASIA4.png,2,4,ae_female_niqab.webp,792,True
PPL_ASIA4.png,3,0,pk_male_traditional_4.webp,792,True
PPL_ASIA4.png,3,1,bd_female_traditional_3.webp,792,True
PPL_ASIA4.png,3,2,tw_female_qipao.webp,792,True
PPL_ASIA4.png,3,3,hk_male_professional_4.webp,792,True
PPL_ASIA4.png,3,4,hk_female_professional_2.webp,792,True
PPL_ASIA4.png,4,0,il_male_jewish_3.webp,792,True
PPL_ASIA4.png,4,1,ir_female_professional.webp,792,True
PPL_ASIA4.png,4,2,ir_female_muslim.webp,792,True
PPL_ASIA4.png,4,3,kw_male_traditional_3.webp,792,True
PPL_ASIA4.png,4,4,sy_female_muslim_2.webp,792,True
PPL_EU1.png,0,0,sct_male_bagpiper.webp,792,True
PPL_EU1.png,0,1,sct_female_traditional.webp,792,True
PPL_EU1.png,0,2,gb_male_guard.webp,792,True
PPL_EU1.png,0,3,gb_female_professional.webp,792,True
PPL_EU1.png,0,4,wls_male_traditional.webp,792,True
PPL_EU1.png,1,0,fr_male_beret.webp,792,True
PPL_EU1.png,1,1,fr_female_elegant.webp,792,True
PPL_EU1.png,1,2,fr_male_casual.webp,792,True
PPL_EU1.png,1,3,de_male_traditional.webp,792,True
PPL_EU1.png,1,4,de_female_traditional.webp,792,True
PPL_EU1.png,2,0,it_male_professional.webp,792,True
PPL_EU1.png,2,1,it_female_elegant.webp,792,True
PPL_EU1.png,2,2,es_male_matador.webp,792,True
PPL_EU1.png,2,3,es_female_flamenco.webp,792,True
PPL_EU1.png,2,4,nl_female_traditional.webp,792,True
PPL_EU1.png,3,0,se_male_casual.webp,792,True
PPL_EU1.png,3,1,se_female_traditional.webp,792,True
PPL_EU1.png,3,2,ch_male_alphorn.webp,792,True
PPL_EU1.png,3,3,ie_male_traditional.webp,792,True
PPL_EU1.png,3,4,ie_female_traditional.webp,792,True
PPL_EU1.png,4,0,pl_male_traditional.webp,792,True
PPL_EU1.png,4,1,pl_female_traditional.webp,792,True
PPL_EU1.png,4,2,pl_male_athlete.webp,792,True
PPL_EU1.png,4,3,de_female_professional.webp,792,True
PPL_EU1.png,4,4,it_male_student.webp,792,True
PPL_EU2.png,0,0,gb_male_gentleman.webp,792,True
PPL_EU2.png,0,1,gb_female_trenchcoat.webp,792,True
PPL_EU2.png,0,2,sct_male_traditional_2.webp,792,True
PPL_EU2.png,0,3,sct_female_traditional_2.webp,792,True
PPL_EU2.png,0,4,fr_male_artist.webp,792,True
PPL_EU2.png,1,0,fr_female_muslim.webp,792,True
PPL_EU2.png,1,1,de_male_bavarian.webp,792,True
PPL_EU2.png,1,2,de_female_professional_2.webp,792,True
PPL_EU2.png,1,3,de_male_casual.webp,792,True
PPL_EU2.png,1,4,de_female_casual.webp,792,True
PPL_EU2.png,2,0,it_male_classic.webp,792,True
PPL_EU2.png,2,1,it_female_summer.webp,792,True
PPL_EU2.png,2,2,it_male_casual.webp,792,True
PPL_EU2.png,2,3,es_male_traditional.webp,792,True
PPL_EU2.png,2,4,es_female_flamenco_2.webp,792,True
PPL_EU2.png,3,0,es_male_biker.webp,792,True
PPL_EU2.png,3,1,nl_male_sweater.webp,792,True
PPL_EU2.png,3,2,nl_female_traditional_2.webp,792,True
PPL_EU2.png,3,3,se_male_winter.webp,792,True
PPL_EU2.png,3,4,se_female_casual.webp,792,True
PPL_EU2.png,4,0,se_male_casual_2.webp,792,True
PPL_EU2.png,4,1,gr_male_sailor.webp,792,True
PPL_EU2.png,4,2,gr_female_traditional_2.webp,792,True
PPL_EU2.png,4,3,ch_male_traditional.webp,792,True
PPL_EU2.png,4,4,ch_female_traditional.webp,792,True
PPL_EU3.png,0,0,de_male_traditional_2.webp,792,True
PPL_EU3.png,0,1,de_female_traditional_2.webp,792,True
PPL_EU3.png,0,2,de_male_casual_2.webp,792,True
PPL_EU3.png,0,3,fr_male_beret_2.webp,792,True
PPL_EU3.png,0,4,fr_female_trenchcoat.webp,792,True
PPL_EU3.png,1,0,fr_female_professional_2.webp,792,True
PPL_EU3.png,1,1,gb_male_scottish.webp,792,True
PPL_EU3.png,1,2,gb_female_casual.webp,792,True
PPL_EU3.png,1,3,gb_male_traditional.webp,792,True
PPL_EU3.png,1,4,gb_female_casual_2.webp,792,True
PPL_EU3.png,2,0,it_male_professional_2.webp,792,True
PPL_EU3.png,2,1,it_female_traditional.webp,792,True
PPL_EU3.png,2,2,it_male_casual_2.webp,792,True
PPL_EU3.png,2,3,es_male_matador_3.webp,792,True
PPL_EU3.png,2,4,es_female_flamenco_3.webp,792,True
PPL_EU3.png,3,0,es_female_casual.webp,792,True
PPL_EU3.png,3,1,ru_male_traditional.webp,792,True
PPL_EU3.png,3,2,ru_female_traditional.webp,792,True
PPL_EU3.png,3,3,nl_male_farmer.webp,792,True
PPL_EU3.png,3,4,nl_female_traditional_3.webp,792,True
PPL_EU3.png,4,0,ua_male_traditional.webp,792,True
PPL_EU3.png,4,1,ua_female_traditional.webp,792,True
PPL_EU3.png,4,2,se_male_sweater.webp,792,True
PPL_EU3.png,4,3,se_female_traditional_2.webp,792,True
PPL_EU3.png,4,4,gr_female_ancient.webp,792,True
PPL_EU4.png,0,0,gb_male_guard_2.webp,792,True
PPL_EU4.png,0,1,gb_female_student.webp,792,True
PPL_EU4.png,0,2,fr_male_artist_2.webp,792,True
PPL_EU4.png,0,3,fr_female_trenchcoat_2.webp,792,True
PPL_EU4.png,0,4,de_male_lederhosen_2.webp,792,True
PPL_EU4.png,1,0,de_female_traditional_3.webp,792,True
PPL_EU4.png,1,1,it_male_coffee.webp,792,True
PPL_EU4.png,1,2,it_female_olive.webp,792,True
PPL_EU4.png,1,3,es_male_traditional_2.webp,792,True
PPL_EU4.png,1,4,es_female_flamenco_4.webp,792,True
PPL_EU4.png,2,0,pt_male_tiles.webp,792,True
PPL_EU4.png,2,1,pt_female_fish.webp,792,True
PPL_EU4.png,2,2,gr_male_evzones.webp,792,True
PPL_EU4.png,2,3,gr_female_ancient_2.webp,792,True
PPL_EU4.png,2,4,be_male_chocolate.webp,792,True
PPL_EU4.png,3,0,nl_male_tulip.webp,792,True
PPL_EU4.png,3,1,nl_female_traditional_4.webp,792,True
PPL_EU4.png,3,2,at_male_pretzel.webp,792,True
PPL_EU4.png,3,3,at_female_cake.webp,792,True
PPL_EU4.png,3,4,ch_male_edelweiss.webp,792,True
PPL_EU4.png,4,0,ch_female_fondue.webp,792,True
PPL_EU4.png,4,1,se_male_sweater_2.webp,792,True
PPL_EU4.png,4,2,se_female_lingonberries.webp,792,True
PPL_EU4.png,4,3,pl_male_pierogi.webp,792,True
PPL_EU4.png,4,4,pl_female_traditional_2.webp,792,True
PPL_LATAM1.png,0,0,mx_male_mariachi.webp,792,True
PPL_LATAM1.png,0,1,mx_female_traditional.webp,792,True
PPL_LATAM1.png,0,2,br_male_athlete.webp,792,True
PPL_LATAM1.png,0,3,br_male_casual.webp,792,True
PPL_LATAM1.png,0,4,py_female_professional.webp,792,True
PPL_LATAM1.png,1,0,br_female_aboriginal.webp,792,True
PPL_LATAM1.png,1,1,ar_male_gaucho.webp,792,True
PPL_LATAM1.png,1,2,ar_female_traditional.webp,792,True
PPL_LATAM1.png,1,3,co_male_traditional.webp,792,True
PPL_LATAM1.png,1,4,co_female_traditional.webp,792,True
PPL_LATAM1.png,2,0,co_male_farmer.webp,792,True
PPL_LATAM1.png,2,1,co_female_festive.webp,792,True
PPL_LATAM1.png,2,2,pe_male_andean.webp,792,True
PPL_LATAM1.png,2,3,pe_female_traditional.webp,792,True
PPL_LATAM1.png,2,4,cl_female_traditional.webp,792,True
PPL_LATAM1.png,3,0,pe_female_andean.webp,792,True
PPL_LATAM1.png,3,1,cl_male_huaso.webp,792,True
PPL_LATAM1.png,3,2,cl_female_professional.webp,792,True
PPL_LATAM1.png,3,3,br_male_casual_2.webp,792,True
PPL_LATAM1.png,3,4,cl_female_professional_2.webp,792,True
PPL_LATAM1.png,4,0,ve_male_doctor.webp,792,True
PPL_LATAM1.png,4,1,ve_female_traditional.webp,792,True
PPL_LATAM1.png,4,2,bo_male_traditional.webp,792,True
PPL_LATAM1.png,4,3,ve_female_traditional_2.webp,792,True
PPL_LATAM1.png,4,4,bo_male_traditional_2.webp,792,True
PPL_LATAM2.png,0,0,br_male_soccer_2.webp,792,True
PPL_LATAM2.png,0,1,br_female_traditional.webp,792,True
PPL_LATAM2.png,0,2,br_male_indigenous.webp,792,True
PPL_LATAM2.png,0,3,mx_male_charro.webp,792,True
PPL_LATAM2.png,0,4,mx_female_traditional_2.webp,792,True
PPL_LATAM2.png,1,0,ar_male_gaucho_3.webp,792,True
PPL_LATAM2.png,1,1,ar_female_tango.webp,792,True
PPL_LATAM2.png,1,2,co_male_sombrero.webp,792,True
PPL_LATAM2.png,1,3,co_female_traditional_2.webp,792,True
PPL_LATAM2.png,1,4,co_male_andean.webp,792,True
PPL_LATAM2.png,2,0,pe_female_andean_2.webp,792,True
PPL_LATAM2.png,2,1,pe_male_andean_2.webp,792,True
PPL_LATAM2.png,2,2,cl_male_huaso_2.webp,792,True
PPL_LATAM2.png,2,3,cl_female_mapuche.webp,792,True
PPL_LATAM2.png,2,4,ec_female_otavalo.webp,792,True
PPL_LATAM2.png,3,0,gt_female_traditional.webp,792,True
PPL_LATAM2.png,3,1,gt_male_traditional.webp,792,True
PPL_LATAM2.png,3,2,ve_male_llanero.webp,792,True
PPL_LATAM2.png,3,3,ve_female_traditional_3.webp,792,True
PPL_LATAM2.png,3,4,bo_female_cholita.webp,792,True
PPL_LATAM2.png,4,0,cu_male_guajiro.webp,792,True
PPL_LATAM2.png,4,1,cu_female_afro.webp,792,True
PPL_LATAM2.png,4,2,do_female_afro.webp,792,True
PPL_LATAM2.png,4,3,do_male_casual.webp,792,True
PPL_LATAM2.png,4,4,pr_female_traditional.webp,792,True
PPL_O1.png,0,0,au_male_aboriginal.webp,792,True
PPL_O1.png,0,1,au_female_surfer.webp,792,True
PPL_O1.png,0,2,nz_male_maori.webp,792,True
PPL_O1.png,0,3,tr_male_fez.webp,792,True
PPL_O1.png,0,4,er_female_hijab.webp,792,True
PPL_O1.png,1,0,iq_male_traditional.webp,792,True
PPL_O1.png,1,1,iq_female_hijab.webp,792,True
PPL_O1.png,1,2,ye_female_niqab.webp,792,True
PPL_O1.png,1,3,af_male_traditional.webp,792,True
PPL_O1.png,1,4,af_female_burqa.webp,792,True
PPL_O1.png,2,0,np_male_gurkha.webp,792,True
PPL_O1.png,2,1,lk_female_sari.webp,792,True
PPL_O1.png,2,2,lk_male_traditional.webp,792,True
PPL_O1.png,2,3,mm_male_longyi.webp,792,True
PPL_O1.png,2,4,mm_female_thanaka.webp,792,True
PPL_O1.png,3,0,kh_male_monk.webp,792,True
PPL_O1.png,3,1,la_female_traditional.webp,792,True
PPL_O1.png,3,2,kp_male_soldier.webp,792,True
PPL_O1.png,3,3,mn_male_deel.webp,792,True
PPL_O1.png,3,4,mn_female_traditional.webp,792,True
PPL_O1.png,4,0,ao_female_traditional.webp,792,True
PPL_O1.png,4,1,mz_female_traditional.webp,792,True
PPL_O1.png,4,2,sd_female_traditional.webp,792,True
PPL_O1.png,4,3,sd_male_traditional.webp,792,True
PPL_O1.png,4,4,ly_female_hijab.webp,792,True
PPL_O2.png,0,0,au_male_outback.webp,792,True
PPL_O2.png,0,1,nz_female_wetsuit.webp,792,True
PPL_O2.png,0,2,nz_male_maori_2.webp,792,True
PPL_O2.png,0,3,tr_male_suit.webp,792,True
PPL_O2.png,0,4,iq_female_hijab_2.webp,792,True
PPL_O2.png,1,0,ye_male_traditional.webp,792,True
PPL_O2.png,1,1,ye_female_niqab_2.webp,792,True
PPL_O2.png,1,2,af_male_traditional_2.webp,792,True
PPL_O2.png,1,3,np_male_topi.webp,792,True
PPL_O2.png,1,4,lk_female_sari_2.webp,792,True
PPL_O2.png,2,0,mm_male_traditional.webp,792,True
PPL_O2.png,2,1,mm_female_thanaka_2.webp,792,True
PPL_O2.png,2,2,kh_male_traditional.webp,792,True
PPL_O2.png,2,3,la_female_traditional_2.webp,792,True
PPL_O2.png,2,4,kp_male_military.webp,792,True
PPL_O2.png,3,0,mn_male_deel_2.webp,792,True
PPL_O2.png,3,1,mn_female_deel.webp,792,True
PPL_O2.png,3,2,ao_male_professional.webp,792,True
PPL_O2.png,3,3,mz_female_traditional_2.webp,792,True
PPL_O2.png,3,4,mz_female_casual.webp,792,True
PPL_O2.png,4,0,mn_male_casual.webp,792,True
PPL_O2.png,4,1,ao_female_professional.webp,792,True
PPL_O2.png,4,2,lk_female_sari_3.webp,792,True
PPL_O2.png,4,3,sd_male_traditional_2.webp,792,True
PPL_O2.png,4,4,ly_female_hijab_2.webp,792,True
PPL_O3.png,0,0,au_male_outback_2.webp,792,True
PPL_O3.png,0,1,au_female_sunhat.webp,792,True
PPL_O3.png,0,2,nz_male_maori_3.webp,792,True
PPL_O3.png,0,3,nz_male_maori_4.webp,792,True
PPL_O3.png,0,4,nz_female_casual.webp,792,True
PPL_O3.png,1,0,tr_male_fez_2.webp,792,True
PPL_O3.png,1,1,tr_female_hijab.webp,792,True
PPL_O3.png,1,2,iq_male_traditional_2.webp,792,True
PPL_O3.png,1,3,iq_male_pakol.webp,792,True
PPL_O3.png,1,4,af_female_hijab.webp,792,True
PPL_O3.png,2,0,ye_male_traditional_2.webp,792,True
PPL_O3.png,2,1,af_female_niqab.webp,792,True
PPL_O3.png,2,2,af_female_niqab_2.webp,792,True
PPL_O3.png,2,3,np_male_traditional.webp,792,True
PPL_O3.png,2,4,lk_female_sari_4.webp,792,True
PPL_O3.png,3,0,mm_male_conical.webp,792,True
PPL_O3.png,3,1,mm_female_thanaka_3.webp,792,True
PPL_O3.png,3,2,kh_female_traditional.webp,792,True
PPL_O3.png,3,3,kp_male_military_2.webp,792,True
PPL_O3.png,3,4,kh_female_traditional_2.webp,792,True
PPL_O3.png,4,0,mn_male_deel_3.webp,792,True
PPL_O3.png,4,1,mz_female_casual_2.webp,792,True
PPL_O3.png,4,2,mz_male_casual.webp,792,True
PPL_O3.png,4,3,sd_male_traditional_3.webp,792,True
PPL_O3.png,4,4,ly_female_casual.webp,792,True
PPL_O4.png,0,0,pg_male_traditional.webp,792,True
PPL_O4.png,0,1,pg_female_traditional.webp,792,True
PPL_O4.png,0,2,sb_male_traditional.webp,792,True
PPL_O4.png,0,3,sb_female_traditional.webp,792,True
PPL_O4.png,0,4,vu_male_traditional.webp,792,True
PPL_O4.png,1,0,vu_female_traditional.webp,792,True
PPL_O4.png,1,1,fj_male_casual.webp,792,True
PPL_O4.png,1,2,fj_female_flower.webp,792,True
PPL_O4.png,1,3,mg_male_traditional.webp,792,True
PPL_O4.png,1,4,mg_female_traditional.webp,792,True
PPL_O4.png,2,0,bt_male_gho.webp,792,True
PPL_O4.png,2,1,bt_female_kira.webp,792,True
PPL_O4.png,2,2,bt_male_elderly.webp,792,True
PPL_O4.png,2,3,bt_female_elderly.webp,792,True
PPL_O4.png,2,4,va_male_priest.webp,792,True
PPL_O4.png,3,0,bt_male_casual.webp,792,True
PPL_O4.png,3,1,bt_female_traditional.webp,792,True
PPL_O4.png,3,2,bt_male_gho_2.webp,792,True
PPL_O4.png,3,3,bt_female_professional.webp,792,True
PPL_O4.png,3,4,va_female_professional.webp,792,True
PPL_O4.png,4,0,va_female_nun.webp,792,True
PPL_O4.png,4,1,va_male_bishop.webp,792,True
PPL_O4.png,4,2,va_female_casual.webp,792,True
PPL_O4.png,4,3,pg_male_casual.webp,792,True
PPL_O4.png,4,4,fj_female_casual.webp,792,True
